ts_utc,label,pcb,out,cfg,resolution_mm,inflate_mm,elapsed_route_s,elapsed_drc_s,drc_violations,drc_unconnected,failed_nets,elapsed_ms_router_reported,astar_heap_pop,astar_heap_push,astar_relax_success,astar_relax_attempts,astar_rej_bounds,astar_rej_base_blocked,astar_rej_forbidden,astar_rej_occ_other,astar_rej_ko_track,astar_rej_ko_via
2025-12-28T00:23:10.243454+00:00,bga100_strict_0p1,/home/user/repos/ee/pardal-pcb/bench/bga100/bga100_breakout2.kicad_pcb,/home/user/repos/ee/pardal-pcb/bench/bga100/bga100_breakout2_rust_strict_res0p1_ceil_existingvias_stats.kicad_pcb,/home/user/repos/ee/pardal-pcb/bench/cfg/bga_strict_0p1.json,0.1000,,34.425,0.662,0,0,0,33575,229778691,284009657,284009557,1147917230,79012586,438080,0,1811377,1077341,11133000
2025-12-28T00:24:59.618175+00:00,bga100_strict_0p1_in1start,/home/user/repos/ee/pardal-pcb/bench/bga100/bga100_breakout2.kicad_pcb,/home/user/repos/ee/pardal-pcb/bench/bga100/bga100_breakout2_rust_strict_res0p1_ceil_existingvias_stats_in1start.kicad_pcb,/home/user/repos/ee/pardal-pcb/bench/cfg/bga_strict_0p1.json,0.1000,,34.285,0.679,0,0,0,33439,227211882,279204225,279204125,1129355900,78658032,474380,0,1871975,1131844,11544215
2025-12-28T00:40:45.312452+00:00,bga324_strict_0p1_try2,timeout,/home/user/repos/ee/pardal-pcb/bench/bga324/bga324_breakout2.kicad_pcb,/home/user/repos/ee/pardal-pcb/bench/bga324/bga324_breakout2_rust_strict_res0p1_try2.kicad_pcb,/home/user/repos/ee/pardal-pcb/bench/cfg/bga_strict_0p1_progress1.json,0.1000,,60.000,,,,256,68,324,17103,110767239,139695737,139691061,563863357,37461891,1896262,0,601076,410113,5066659
2025-12-28T00:45:25.871720+00:00,bga100_strict_w150,ok,/home/user/repos/ee/pardal-pcb/bench/bga100/bga100_breakout2.kicad_pcb,/home/user/repos/ee/pardal-pcb/bench/bga100/bga100_breakout2_rust_strict_w150.kicad_pcb,/home/user/repos/ee/pardal-pcb/bench/cfg/bga_strict_0p1_w150.json,0.1000,,125.042,0.706,0,0,0,,,124098,672831602,778375155,778375055,3090133200,297359162,628909,0,3018310,876299,14127330
2025-12-28T00:47:14.670007+00:00,bga324_ncr0p1_try1,ok,/home/user/repos/ee/pardal-pcb/bench/bga324/bga324_breakout2.kicad_pcb,/home/user/repos/ee/pardal-pcb/bench/bga324/bga324_breakout2_rust_ncr0p1_try1.kicad_pcb,/home/user/repos/ee/pardal-pcb/bench/cfg/bga324_ncr_0p1_progress1.json,0.1000,,19.593,,,,256,,,18706,111191139,143208432,143203756,569941205,37461891,1896262,0,0,0,0
2025-12-28T00:58:22.095463+00:00,bga324_strict0p1_fixed,timeout,/home/user/repos/ee/pardal-pcb/bench/bga324/bga324_breakout2.kicad_pcb,/home/user/repos/ee/pardal-pcb/bench/bga324/bga324_breakout2_rust_strict0p1_fixed.kicad_pcb,/home/user/repos/ee/pardal-pcb/bench/cfg/bga_strict_0p1_progress1.json,0.1000,,300.000,,,,170,154,324,80067,459470576,540358707,540355493,2247376493,168786548,1642610,0,5334116,1262611,19306746
2025-12-28T01:03:38.425358+00:00,bga324_ncr0p1_fixed,timeout,/home/user/repos/ee/pardal-pcb/bench/bga324/bga324_breakout2.kicad_pcb,/home/user/repos/ee/pardal-pcb/bench/bga324/bga324_breakout2_rust_ncr0p1_fixed.kicad_pcb,/home/user/repos/ee/pardal-pcb/bench/cfg/bga324_ncr_0p1_progress1.json,0.1000,,300.000,,,,0,324,324,299245,1481116446,1791946210,1791945517,6497789092,570827421,2638691,0,0,0,0
2025-12-28T01:18:51.645232+00:00,bga324_ncr0p1_fixed2,timeout,/home/user/repos/ee/pardal-pcb/bench/bga324/bga324_breakout2.kicad_pcb,/home/user/repos/ee/pardal-pcb/bench/bga324/bga324_breakout2_rust_ncr0p1_fixed2.kicad_pcb,/home/user/repos/ee/pardal-pcb/bench/cfg/bga324_ncr_0p1_progress1.json,0.1000,,800.000,,,,0,324,324,799118,4624387635,5606995696,5606992840,19654020464,1849169697,5558359,0,0,0,0
2025-12-28T01:27:37.664832+00:00,bga324_ncr0p1_final,timeout,/home/user/repos/ee/pardal-pcb/bench/bga324/bga324_breakout2.kicad_pcb,/home/user/repos/ee/pardal-pcb/bench/bga324/bga324_breakout2_rust_ncr0p1_final.kicad_pcb,/home/user/repos/ee/pardal-pcb/bench/cfg/bga324_ncr_0p1.json,0.1000,,400.000,,,,
2025-12-28T01:37:57.002726+00:00,bga324_ncr0p1_debug1,timeout,/home/user/repos/ee/pardal-pcb/bench/bga324/bga324_breakout2.kicad_pcb,/home/user/repos/ee/pardal-pcb/bench/bga324/bga324_breakout2_rust_ncr0p1_debug1.kicad_pcb,/home/user/repos/ee/pardal-pcb/bench/cfg/bga324_ncr_0p1_progress1.json,0.1000,,600.000,,,,0,324,324,593924,3576985646,4366566537,4366564337,15288803237,1420419519,4942834,0,0,0,0
2025-12-28T01:47:15.192120+00:00,bga324_pf3_legalize,ok,/home/user/repos/ee/pardal-pcb/bench/bga324/bga324_breakout2.kicad_pcb,/home/user/repos/ee/pardal-pcb/bench/bga324/bga324_breakout2_rust_pf3_legalize.kicad_pcb,/home/user/repos/ee/pardal-pcb/bench/cfg/bga324_pf3_legalize.json,0.1000,,428.132,1.266,1118,0,0,,,426981,2693762822,3187811348,3187799182,11942076142,1043830338,5461239,0,21079710,13969123,124714930
2025-12-28T02:04:16.781308+00:00,rust,ok,/home/user/repos/ee/pardal-pcb/bench/bga324/bga324_breakout2.kicad_pcb,/home/user/repos/ee/pardal-pcb/bench/bga324/bga324_breakout2_rust_pf3_legalize3.kicad_pcb,/home/user/repos/ee/pardal-pcb/bench/cfg/bga324_pf3_legalize.json,0.1000,,429.126,1.255,1107,0,0,,,427937,2693762822,3187811348,3187799182,11942076142,1043830338,5461239,0,21079710,13969123,124714930
2025-12-28T02:34:46.690806+00:00,rust,ok,/home/user/repos/ee/pardal-pcb/bench/bga324/bga324_breakout2.kicad_pcb,/home/user/repos/ee/pardal-pcb/bench/bga324/bga324_breakout2_rust_pf3_legalize4.kicad_pcb,/home/user/repos/ee/pardal-pcb/bench/cfg/bga324_pf3_legalize.json,0.1000,,429.089,1.256,1136,0,0,,,427913,2693762822,3187811348,3187799182,11942076142,1043830338,5461239,0,21079710,13969123,124714930
2025-12-28T02:40:55.837496+00:00,rust,ok,/home/user/repos/ee/pardal-pcb/bench/bga324/bga324_breakout2.kicad_pcb,/home/user/repos/ee/pardal-pcb/bench/bga324/bga324_breakout2_rust_pf3_legalize5.kicad_pcb,/home/user/repos/ee/pardal-pcb/bench/cfg/bga324_pf3_legalize.json,0.1000,,343.437,1.247,1034,0,0,,,342248,2236570806,2592125054,2592112088,9752706202,879136716,6098655,0,77694530,10480865,88511452
2025-12-28T02:49:44.280209+00:00,rust,ok,/home/user/repos/ee/pardal-pcb/bench/bga324/bga324_breakout2.kicad_pcb,/home/user/repos/ee/pardal-pcb/bench/bga324/bga324_breakout2_rust_pf3_ripupall1.kicad_pcb,/home/user/repos/ee/pardal-pcb/bench/cfg/bga324_pf3_legalize_ripupall.json,0.1000,,431.096,1.225,982,0,0,,,429931,2839024870,3428022942,3427997094,12980763497,1054803947,9009084,0,83588659,12816395,114292682
2025-12-28T03:06:02.557377+00:00,rust,timeout,/home/user/repos/ee/pardal-pcb/bench/bga324/bga324_breakout2.kicad_pcb,/home/user/repos/ee/pardal-pcb/bench/bga324/bga324_breakout2_rust_res0p05_quick1.kicad_pcb,/home/user/repos/ee/pardal-pcb/bench/cfg/bga324_res0p05_quick.json,0.0500,,850.000,,,,0,324,324,738063,4350622125,5115280053,5115279475,19654761727,1728547537,5927444,0,73435736,0,0
2025-12-28T03:15:35.230455+00:00,rust,ok,/home/user/repos/ee/pardal-pcb/bench/bga324/bga324_breakout2.kicad_pcb,/home/user/repos/ee/pardal-pcb/bench/bga324/bga324_breakout2_rust_pf3_ripupall2.kicad_pcb,/home/user/repos/ee/pardal-pcb/bench/cfg/bga324_pf3_legalize_ripupall.json,0.1000,,431.517,1.287,1021,0,0,,,430333,2839210865,3459055377,3459031023,13119622365,1047159083,9217958,0,80671355,10659201,96950646
2025-12-28T03:31:12.143337+00:00,rust,ok,/home/user/repos/ee/pardal-pcb/bench/bga324/bga324_breakout2.kicad_pcb,/home/user/repos/ee/pardal-pcb/bench/bga324/bga324_breakout2_rust_pf3_ripupall3.kicad_pcb,/home/user/repos/ee/pardal-pcb/bench/cfg/bga324_pf3_legalize_ripupall.json,0.1000,,346.795,1.652,897,0,0,,,345598,2028853554,2410153283,2410127678,8703092034,776322492,7724531,31670082,73907460,4772363,51041984
2025-12-28T03:46:00.041439+00:00,rust,ok,/home/user/repos/ee/pardal-pcb/bench/bga324/bga324_breakout2.kicad_pcb,/home/user/repos/ee/pardal-pcb/bench/bga324/bga324_breakout2_rust_pf3_ripupall_legalize20_1.kicad_pcb,/home/user/repos/ee/pardal-pcb/bench/cfg/bga324_pf3_ripupall_legalize20.json,0.1000,,563.020,1.648,897,0,0,,,561837,2979518984,3474490254,3474406933,12514526626,1124787296,18522793,103411108,97305192,15413855,162912722
2025-12-28T04:08:11.149586+00:00,rust,timeout,/home/user/repos/ee/pardal-pcb/bench/bga324/bga324_breakout2.kicad_pcb,/home/user/repos/ee/pardal-pcb/bench/bga324/bga324_breakout2_rust_ncr12_only1.kicad_pcb,/home/user/repos/ee/pardal-pcb/bench/cfg/bga324_ncr12_only.json,0.1000,,600.000,,,,0,324,324,592727,3839745499,4650878055,4650875306,16146912858,1514740813,5835909,0,182688020,0,0
2025-12-28T04:22:27.343882+00:00,rust,ok,/home/user/repos/ee/pardal-pcb/bench/bga324/bga324_breakout2.kicad_pcb,/home/user/repos/ee/pardal-pcb/bench/bga324/bga324_breakout2_rust_ncr12_only2.kicad_pcb,/home/user/repos/ee/pardal-pcb/bench/cfg/bga324_ncr12_only.json,0.1000,,695.559,1.567,825,0,0,,,694300,4480690218,5426608571,5426605306,18798309098,1771576505,6634936,0,215492245,0,0
2025-12-28T04:24:58.483425+00:00,rust,ok,/home/user/repos/ee/pardal-pcb/bench/bga324/bga324_breakout2.kicad_pcb,/home/user/repos/ee/pardal-pcb/bench/bga324/bga324_breakout2_rust_pf3_ripupall4.kicad_pcb,/home/user/repos/ee/pardal-pcb/bench/cfg/bga324_pf3_legalize_ripupall.json,0.1000,,52.288,0.761,1,201,201,,,51362,361267250,436579442,436568423,1789130065,127979538,2929988,0,3773640,612,14198211
2025-12-28T04:41:59.619378+00:00,rust,timeout,/home/user/repos/ee/pardal-pcb/bench/bga324/bga324_breakout2.kicad_pcb,/home/user/repos/ee/pardal-pcb/bench/bga324/bga324_breakout2_rust_ncr12_legalize8_1.kicad_pcb,/home/user/repos/ee/pardal-pcb/bench/cfg/bga324_ncr12_legalize8.json,0.1000,,880.000,,,,0,324,324,696390,4480690218,5426608571,5426605306,18798309098,1771576505,6634936,0,215492245,0,0
2025-12-28T04:55:45.179463+00:00,rust,ok,/home/user/repos/ee/pardal-pcb/bench/bga324/bga324_breakout2.kicad_pcb,/home/user/repos/ee/pardal-pcb/bench/bga324/bga324_breakout2_rust_ncr12_via200_1.kicad_pcb,/home/user/repos/ee/pardal-pcb/bench/cfg/bga324_ncr12_via200.json,0.1000,,769.752,1.266,826,0,0,,,768519,4839688902,6075952092,6075948847,19534452895,1805419025,6993158,0,239869180,0,0
2025-12-28T05:04:34.086619+00:00,rust,ok,/home/user/repos/ee/pardal-pcb/bench/bga324/bga324_breakout2.kicad_pcb,/home/user/repos/ee/pardal-pcb/bench/bga324/bga324_breakout2_rust_ncr6_diag1.kicad_pcb,/home/user/repos/ee/pardal-pcb/bench/cfg/bga324_ncr6_diag.json,0.1000,,482.677,1.216,575,0,0,,,481568,2574647448,3062356070,3062354404,18742834229,998449049,5471212,0,92900626,0,0
2025-12-28T05:16:06.388804+00:00,rust,timeout,/home/user/repos/ee/pardal-pcb/bench/bga324/bga324_breakout2.kicad_pcb,/home/user/repos/ee/pardal-pcb/bench/bga324/bga324_breakout2_rust_ncr6_diag_leg10_1.kicad_pcb,/home/user/repos/ee/pardal-pcb/bench/cfg/bga324_ncr6_diag_legalize10.json,0.1000,,640.000,,,,0,324,324,480649,2574647448,3062356070,3062354404,18742834229,998449049,5471212,0,92900626,0,0
2025-12-28T05:30:19.126561+00:00,rust,timeout,/home/user/repos/ee/pardal-pcb/bench/bga324/bga324_breakout2.kicad_pcb,/home/user/repos/ee/pardal-pcb/bench/bga324/bga324_breakout2_rust_ncr12_diag1.kicad_pcb,/home/user/repos/ee/pardal-pcb/bench/cfg/bga324_ncr12_diag.json,0.1000,,820.000,,,,0,324,324,809960,4300340705,5122269931,5122266933,30946180472,1675348996,7900463,0,159884006,0,0
2025-12-28T05:39:00.555975+00:00,rust,ok,/home/user/repos/ee/pardal-pcb/bench/bga324/bga324_breakout2.kicad_pcb,/home/user/repos/ee/pardal-pcb/bench/bga324/bga324_breakout2_rust_ncr6_diag_leg2_1.kicad_pcb,/home/user/repos/ee/pardal-pcb/bench/cfg/bga324_ncr6_diag_legalize2.json,0.1000,,492.191,1.216,916,0,0,,,491101,2605705641,3097811043,3097806244,18962326973,1010047691,6726842,1881472,93822694,2077544,5466899
2025-12-28T05:49:36.715675+00:00,rust,ok,/home/user/repos/ee/pardal-pcb/bench/bga324/bga324_breakout2.kicad_pcb,/home/user/repos/ee/pardal-pcb/bench/bga324/bga324_breakout2_rust_ncr8_diag1.kicad_pcb,/home/user/repos/ee/pardal-pcb/bench/cfg/bga324_ncr8_diag.json,0.1000,,596.264,1.216,530,0,0,,,595178,3181446126,3785133643,3785131505,23026518179,1236668202,6327028,0,116559590,0,0
2025-12-28T05:59:38.885835+00:00,rust,ok,/home/user/repos/ee/pardal-pcb/bench/bga324/bga324_breakout2.kicad_pcb,/home/user/repos/ee/pardal-pcb/bench/bga324/bga324_breakout2_rust_ncr8_diag2.kicad_pcb,/home/user/repos/ee/pardal-pcb/bench/cfg/bga324_ncr8_diag.json,0.1000,,181.102,0.765,46,150,150,,,180124,969880188,1100702953,1100679471,7355845069,364557108,11739575,0,20284714,394071,71906547
2025-12-28T06:03:02.992622+00:00,rust,ok,/home/user/repos/ee/pardal-pcb/bench/bga100/bga100_breakout2.kicad_pcb,/home/user/repos/ee/pardal-pcb/bench/bga100/bga100_breakout2_rust_regress1.kicad_pcb,/home/user/repos/ee/pardal-pcb/bench/cfg/bga_strict_0p1.json,0.1000,,44.160,0.716,0,0,0,,,43305,306891102,386241890,386241706,1570681745,103698810,501669,0,1725384,1072406,9806780
